Team,YPT Allowed WR,YPT Allowed TE,YPT Allowed RB,YPT Allowed Outside,YPT Allowed Slot
Kansas City Chiefs,6.0,7.2,6.7,6.1,7.0
Seattle Seahawks,6.1,4.5,5.2,7.7,4.1
Los Angeles Rams,6.5,2.9,3.8,7.4,6.2
San Francisco 49ers,7.0,5.1,5.8,6.0,10.6
Tampa Bay Buccaneers,7.3,8.3,5.8,8.5,4.8
New York Jets,7.4,6.7,5.9,8.3,6.2
New York Giants,7.5,5.2,5.1,8.2,5.7
Cincinnati Bengals,7.5,10.2,7.2,6.1,10.0
New England Patriots,7.6,5.5,6.1,8.3,6.4
Minnesota Vikings,7.7,7.9,4.3,8.7,6.0
Green Bay Packers,7.7,5.5,9.4,9.4,5.1
Atlanta Falcons,7.7,6.5,3.3,9.6,5.4
Denver Broncos,7.8,8.2,5.9,7.8,9.2
New Orleans Saints,7.8,7.8,6.8,8.7,6.6
Philadelphia Eagles,7.8,6.8,4.4,8.6,7.3
Las Vegas Raiders,8.2,6.1,6.3,7.4,11.1
Carolina Panthers,8.2,5.8,5.4,9.9,6.3
Washington Commanders,8.3,9.7,5.0,10.2,4.7
Baltimore Ravens,8.4,7.3,1.7,8.7,9.1
Miami Dolphins,8.6,10.7,6.9,9.5,6.9
Cleveland Browns,8.8,6.7,4.1,8.0,11.9
Buffalo Bills,8.9,6.6,5.2,8.5,11.4
Chicago Bears,9.0,6.3,8.7,12.1,4.7
Houston Texans,9.1,8.6,2.9,11.7,6.8
Pittsburgh Steelers,9.1,7.7,5.7,11.1,6.5
Jacksonville Jaguars,9.5,8.2,6.7,9.4,10.4
Dallas Cowboys,9.5,9.6,4.8,7.6,12.6
Los Angeles Chargers,9.7,7.1,5.2,10.0,9.4
Indianapolis Colts,9.8,6.5,7.7,8.0,12.1
Detroit Lions,10.1,8.1,3.1,9.9,10.7
Tennessee Titans,10.4,4.2,5.8,9.7,12.2
Arizona Cardinals,10.8,8.5,4.0,12.0,9.1
