Index,season,week,team,n,pos,pct,base,pbp,rep,man,rule,found,snaps,last_qtr,after,q1,exit,last_frac
0,2022,1,CIN,Tee Higgins,WR,0.26,0.81,True,True,False,pbp+report,True,25.0,2.0,0.74,1.0,True,
1,2022,1,DEN,Tyrie Cleveland,WR,0.12,0.34,False,True,False,report only,True,8.0,4.0,0.25,0.08,False,
2,2022,1,KC,Justin Watson,WR,0.23,0.485,False,True,False,report only,True,14.0,4.0,0.11,0.28,False,
3,2022,1,LAC,Keenan Allen,WR,0.33,0.89,False,True,False,report only,True,21.0,2.0,0.6,0.86,True,
4,2022,1,NYG,Wan'Dale Robinson,WR,0.15,0.69,False,True,False,report only,True,9.0,2.0,0.73,0.42,True,
5,2022,1,NYG,Kadarius Toney,WR,0.12,0.38,False,True,False,report only,True,7.0,4.0,0.13,0.08,False,
7,2022,2,ARI,James Conner,RB,0.21,0.69,False,True,False,report only,True,16.0,3.0,0.74,0.67,True,
8,2022,2,ARI,Trey McBride,TE,0.01,0.725,False,True,False,report only,True,0.0,,,0.0,False,0.0
9,2022,2,CIN,Drew Sample,TE,0.14,0.375,False,True,False,report only,True,10.0,2.0,0.72,0.67,True,
10,2022,2,DEN,Jerry Jeudy,WR,0.14,0.705,True,True,False,pbp+report,True,9.0,1.0,0.84,0.53,True,
11,2022,2,GB,Christian Watson,WR,0.32,0.78,False,True,False,report only,True,20.0,4.0,0.0,0.35,False,
12,2022,2,NO,Taysom Hill,QB,0.09,0.39,False,True,False,report only,True,6.0,3.0,0.41,0.25,True,
14,2022,2,SF,Trey Lance,QB,0.21,1.0,True,False,False,pbp only,True,15.0,1.0,0.79,0.94,True,
15,2022,3,CHI,David Montgomery,RB,0.17,0.68,True,True,False,pbp+report,True,10.0,1.0,0.83,0.59,True,
16,2022,3,KC,Skyy Moore,WR,0.13,0.4,False,True,False,report only,True,8.0,3.0,0.23,0.2,False,
19,2022,4,DAL,Jake Ferguson,TE,0.28,0.655,False,True,False,report only,True,16.0,4.0,0.02,0.27,False,
20,2022,4,DEN,Melvin Gordon,RB,0.19,0.45,False,True,False,report only,True,9.0,4.0,0.08,0.0,False,
21,2022,4,GB,Christian Watson,WR,0.25,0.78,False,True,False,report only,True,18.0,5.0,0.18,0.22,False,
22,2022,4,MIA,Tua Tagovailoa,QB,0.39,1.0,True,True,False,pbp+report,True,21.0,2.0,0.65,1.0,True,
23,2022,5,CIN,Tee Higgins,WR,0.16,0.81,False,True,False,report only,True,10.0,2.0,0.8,0.8,True,
24,2022,5,DAL,Dalton Schultz,TE,0.18,0.85,False,True,False,report only,True,9.0,4.0,0.04,0.6,False,
25,2022,5,DEN,Tyrie Cleveland,WR,0.14,0.34,False,True,False,report only,True,10.0,4.0,0.09,0.12,False,
26,2022,5,DET,Amon-Ra St. Brown,WR,0.32,0.88,False,True,False,report only,True,20.0,4.0,0.11,0.38,False,
27,2022,5,GB,Christian Watson,WR,0.29,0.78,False,True,False,report only,True,18.0,3.0,0.31,0.35,False,
28,2022,5,IND,Nyheim Hines,RB,0.04,0.3399999999999999,True,True,False,pbp+report,True,3.0,1.0,0.96,0.23,True,
29,2022,5,LV,Darren Waller,TE,0.13,0.62,False,True,False,report only,True,6.0,1.0,0.88,0.43,True,
30,2022,5,MIA,Teddy Bridgewater,QB,0.01,0.615,False,True,False,report only,True,1.0,1.0,0.98,0.11,True,
31,2022,5,NE,Damien Harris,RB,0.1,0.395,False,True,False,report only,True,6.0,1.0,0.74,0.43,True,
32,2022,5,NE,Nelson Agholor,WR,0.12,0.56,False,True,False,report only,True,6.0,2.0,0.65,0.14,True,
33,2022,5,PIT,Steven Sims,WR,0.04,0.41,False,True,False,report only,True,3.0,2.0,0.75,0.14,True,
34,2022,5,SEA,Rashaad Penny,RB,0.29,0.685,True,True,False,pbp+report,True,15.0,3.0,0.38,0.7,False,
35,2022,6,CAR,Chuba Hubbard,RB,0.09,0.49,False,True,False,report only,True,4.0,2.0,0.47,0.17,True,
36,2022,6,DEN,Melvin Gordon,RB,0.16,0.45,False,True,False,report only,True,8.0,2.0,0.71,0.43,True,
37,2022,6,DEN,Eric Saubert,TE,0.02,0.34,False,True,False,report only,True,1.0,3.0,0.38,0.0,False,
38,2022,6,LAC,Joshua Kelley,RB,0.02,0.31,False,True,False,report only,True,2.0,1.0,0.92,0.15,True,
39,2022,6,LAC,Donald Parham,TE,0.2,0.44,False,True,False,report only,True,17.0,3.0,0.34,0.23,False,
40,2022,6,NE,Kendrick Bourne,WR,0.06,0.56,False,True,False,report only,True,4.0,1.0,0.9,0.29,True,
41,2022,6,NO,Adam Trautman,TE,0.22,0.645,False,True,False,report only,True,16.0,3.0,0.51,0.75,True,
42,2022,6,PIT,Steven Sims,WR,0.09,0.41,False,True,False,report only,True,6.0,4.0,0.15,0.07,False,
43,2022,7,BAL,Demarcus Robinson,WR,0.23,0.605,False,True,False,report only,True,15.0,4.0,0.06,0.0,False,
44,2022,7,DET,Amon-Ra St. Brown,WR,0.17,0.88,False,True,False,report only,True,10.0,1.0,0.79,0.77,True,
45,2022,7,JAX,James Robinson,RB,0.17,0.48,False,True,False,report only,True,11.0,4.0,0.2,0.14,False,
46,2022,7,LAC,Keenan Allen,WR,0.32,0.89,False,True,False,report only,True,23.0,2.0,0.57,0.73,True,
47,2022,7,NE,Damien Harris,RB,0.17,0.395,False,True,False,report only,True,8.0,3.0,0.4,0.18,True,
48,2022,7,NE,Nelson Agholor,WR,0.06,0.56,False,True,False,report only,True,3.0,4.0,0.0,0.0,False,
49,2022,7,NYJ,Corey Davis,WR,0.22,0.78,False,True,False,report only,True,12.0,2.0,0.73,0.83,True,
50,2022,7,SEA,DK Metcalf,WR,0.28,0.865,False,True,False,report only,True,16.0,1.0,0.7,0.84,True,
51,2022,7,WAS,J.D. McKissic,RB,0.16,0.41,False,True,False,report only,True,12.0,4.0,0.04,0.08,False,
52,2022,8,ARI,Greg Dortch,WR,0.26,0.5900000000000001,False,True,False,report only,True,17.0,4.0,0.0,0.0,False,
53,2022,8,BAL,Mark Andrews,TE,0.13,0.85,False,True,False,report only,True,10.0,2.0,0.77,0.75,True,
54,2022,8,BAL,Rashod Bateman,WR,0.17,0.57,False,True,False,report only,True,13.0,2.0,0.61,0.75,True,
55,2022,8,DEN,Kendall Hinton,WR,0.02,0.76,False,True,False,report only,True,1.0,2.0,0.48,0.0,True,
56,2022,8,GB,Christian Watson,WR,0.09,0.78,True,True,False,pbp+report,True,6.0,1.0,0.87,0.5,True,
57,2022,8,NE,DeVante Parker,WR,0.01,0.82,False,True,False,report only,True,1.0,1.0,0.99,0.06,True,
58,2022,8,NO,Mark Ingram,RB,0.08,0.33,False,True,False,report only,True,5.0,2.0,0.75,0.29,True,
59,2022,8,NYG,Richie James,WR,0.06,0.62,True,True,False,pbp+report,True,3.0,4.0,0.28,0.11,False,
60,2022,9,ARI,Greg Dortch,WR,0.08,0.5900000000000001,False,True,False,report only,True,4.0,4.0,0.07,0.0,False,
62,2022,9,DET,D'Andre Swift,RB,0.16,0.4,False,True,False,report only,True,9.0,4.0,0.12,0.42,False,
63,2022,9,GB,Christian Watson,WR,0.23,0.78,False,True,False,report only,True,17.0,3.0,0.49,0.42,True,
64,2022,9,GB,Romeo Doubs,WR,0.01,0.82,False,True,False,report only,True,1.0,1.0,0.99,0.05,True,
65,2022,9,KC,Isiah Pacheco,RB,0.22,0.485,False,True,False,report only,True,20.0,3.0,0.55,0.55,True,
66,2022,9,LV,Keelan Cole,WR,0.15,0.48,False,True,False,report only,True,9.0,4.0,0.33,0.17,False,
67,2022,10,ARI,Greg Dortch,WR,0.03,0.5900000000000001,False,True,False,report only,True,1.0,1.0,0.84,0.08,True,
68,2022,10,ARI,Trace McSorley,QB,0.03,0.33,False,True,False,report only,True,2.0,3.0,0.3,0.0,False,
69,2022,10,ARI,Zach Ertz,TE,0.13,0.785,True,True,False,pbp+report,True,9.0,1.0,0.84,0.69,True,
70,2022,10,CAR,Shi Smith,WR,0.24,0.51,False,True,False,report only,True,15.0,4.0,0.14,0.23,False,
71,2022,10,DEN,Jerry Jeudy,WR,0.01,0.705,True,True,False,pbp+report,True,1.0,1.0,0.99,0.06,True,
72,2022,10,LA,Van Jefferson,WR,0.28,0.93,True,False,False,pbp only,True,17.0,4.0,0.0,0.0,False,
73,2022,10,LAC,Gerald Everett,TE,0.17,0.635,False,True,False,report only,True,10.0,2.0,0.52,0.47,True,
74,2022,10,MIA,Raheem Mostert,RB,0.28,0.575,False,True,False,report only,True,19.0,3.0,0.25,0.45,False,
75,2022,10,TB,Leonard Fournette,RB,0.29,0.61,False,True,False,report only,True,21.0,3.0,0.32,0.47,False,
76,2022,11,ARI,Rondale Moore,WR,0.03,0.7,False,True,False,report only,True,2.0,1.0,0.97,0.11,True,
77,2022,11,CHI,Dante Pettis,WR,0.26,0.565,False,True,False,report only,True,17.0,4.0,0.08,0.15,False,
78,2022,11,CIN,Joe Mixon,RB,0.21,0.7,False,True,False,report only,True,14.0,2.0,0.68,0.69,True,
79,2022,11,CLE,David Njoku,TE,0.37,0.85,False,True,False,report only,True,24.0,4.0,0.25,0.35,False,
81,2022,11,LA,Darrell Henderson,RB,0.06,0.57,False,True,False,report only,True,4.0,1.0,0.87,0.33,True,
82,2022,11,LAC,Mike Williams,WR,0.09,0.85,False,True,False,report only,True,6.0,1.0,0.89,0.55,True,
83,2022,11,NE,DeVante Parker,WR,0.4,0.82,False,True,False,report only,True,22.0,4.0,0.14,0.68,False,
84,2022,11,NO,Kevin White,WR,0.02,0.3349999999999999,False,True,False,report only,True,1.0,3.0,0.3,0.0,False,
85,2022,11,NYG,Richie James,WR,0.22,0.62,False,True,False,report only,True,16.0,4.0,0.0,0.0,False,
86,2022,11,PIT,Jaylen Warren,RB,0.04,0.43,False,True,False,report only,True,3.0,1.0,0.88,0.23,True,
87,2022,12,CHI,Darnell Mooney,WR,0.32,0.845,True,False,False,pbp only,True,18.0,3.0,0.51,0.67,True,
88,2022,12,JAX,Travis Etienne,RB,0.08,0.71,False,True,False,report only,True,5.0,1.0,0.89,0.56,True,
89,2022,12,NE,Jakobi Meyers,WR,0.29,0.82,False,True,False,report only,True,15.0,4.0,0.0,0.09,False,
90,2022,13,BAL,Lamar Jackson,QB,0.14,1.0,False,True,False,report only,True,10.0,1.0,0.85,1.0,True,
91,2022,13,CHI,N'Keal Harry,TE,0.1,0.43,False,True,False,report only,True,5.0,4.0,0.2,0.13,False,
92,2022,13,CIN,Hayden Hurst,TE,0.13,0.6799999999999999,False,True,False,report only,True,9.0,1.0,0.8,0.53,True,
93,2022,13,DEN,Courtland Sutton,WR,0.43,0.88,False,True,False,report only,True,23.0,2.0,0.46,0.75,True,
95,2022,13,SF,Jimmy Garoppolo,QB,0.1,1.0,False,True,False,report only,True,8.0,1.0,0.89,0.38,True,
96,2022,13,TEN,Treylon Burks,WR,0.18,0.67,True,True,False,pbp+report,True,9.0,1.0,0.75,0.69,True,
97,2022,14,ARI,Greg Dortch,WR,0.05,0.5900000000000001,False,True,False,report only,True,4.0,4.0,0.14,0.0,False,
98,2022,14,ARI,Kyler Murray,QB,0.04,1.0,True,False,False,pbp only,True,3.0,1.0,0.96,0.17,True,
99,2022,14,CIN,Tyler Boyd,WR,0.03,0.785,False,True,False,report only,True,2.0,1.0,0.97,0.13,True,
100,2022,14,CIN,Tee Higgins,WR,0.01,0.81,False,True,False,report only,True,1.0,1.0,0.95,0.07,True,
101,2022,14,DAL,Jake Ferguson,TE,0.11,0.655,False,True,False,report only,True,8.0,2.0,0.76,0.54,True,
102,2022,14,LA,John Wolford,QB,0.05,0.95,False,True,False,report only,True,3.0,1.0,0.95,0.43,True,
104,2022,14,NE,Rhamondre Stevenson,RB,0.22,0.65,True,True,False,pbp+report,True,13.0,2.0,0.56,0.9,True,
105,2022,14,NE,DeVante Parker,WR,0.1,0.82,False,True,False,report only,True,6.0,1.0,0.89,0.6,True,
106,2022,14,NYJ,Corey Davis,WR,0.12,0.78,True,True,False,pbp+report,True,9.0,1.0,0.86,0.56,True,
107,2022,14,PHI,Gardner Minshew,QB,0.07,0.595,False,True,False,report only,True,4.0,4.0,0.0,0.0,False,
108,2022,14,PIT,Kenny Pickett,QB,0.15,1.0,False,True,False,report only,True,8.0,1.0,0.85,0.62,True,
109,2022,15,ARI,Greg Dortch,WR,0.09,0.5900000000000001,False,True,False,report only,True,4.0,4.0,0.1,0.0,False,
110,2022,15,CHI,Equanimeous St. Brown,WR,0.05,0.58,True,True,False,pbp+report,True,3.0,1.0,0.95,0.14,True,
111,2022,15,NYG,Nick Vannett,TE,0.16,0.44,False,True,False,report only,True,8.0,4.0,0.0,0.14,False,
112,2022,15,NYJ,Denzel Mims,WR,0.1,0.41,True,True,False,pbp+report,True,5.0,1.0,0.9,0.5,True,
113,2022,16,ARI,A.J. Green,WR,0.26,0.585,False,True,False,report only,True,20.0,3.0,0.38,0.53,False,
115,2022,16,CAR,Shi Smith,WR,0.21,0.51,True,True,False,pbp+report,True,13.0,2.0,0.48,0.33,True,
116,2022,16,DEN,Eric Tomlinson,TE,0.16,0.355,False,True,False,report only,True,9.0,4.0,0.02,0.42,False,
117,2022,16,GB,Christian Watson,WR,0.38,0.78,False,True,False,report only,True,25.0,2.0,0.53,0.79,True,
118,2022,16,NE,Hunter Henry,TE,0.05,0.785,False,True,False,report only,True,3.0,1.0,0.94,0.5,True,
119,2022,17,CHI,Dante Pettis,WR,0.27,0.565,False,True,False,report only,True,14.0,3.0,0.4,0.4,True,
121,2022,17,MIA,Alec Ingold,RB,0.15,0.37,False,True,False,report only,True,11.0,4.0,0.2,0.12,False,
122,2022,17,SEA,Tyler Lockett,WR,0.32,0.81,False,True,False,report only,True,22.0,4.0,0.11,0.69,False,
123,2022,18,LAC,Mike Williams,WR,0.37,0.85,True,False,False,pbp only,True,25.0,2.0,0.58,1.0,True,
124,2022,18,MIN,Dalvin Cook,RB,0.34,0.765,True,False,False,pbp only,True,24.0,2.0,0.46,0.92,True,
125,2023,1,BAL,Devin Duvernay,WR,0.11,0.575,False,True,False,report only,True,7.0,4.0,0.0,0.17,False,
126,2023,1,CHI,Marcedes Lewis,TE,0.07,0.305,False,True,False,report only,True,5.0,4.0,0.08,0.08,False,
127,2023,1,DEN,Greg Dulcich,TE,0.33,0.72,False,True,False,report only,True,19.0,2.0,0.53,0.71,True,
128,2023,1,NO,Taysom Hill,QB,0.14,0.39,False,True,False,report only,True,6.0,4.0,0.05,0.0,False,
129,2023,1,NYJ,Breece Hall,RB,0.31,0.63,False,True,False,report only,True,16.0,4.0,0.06,0.18,False,
130,2023,2,CHI,Darnell Mooney,WR,0.28,0.845,False,True,False,report only,True,15.0,3.0,0.45,0.67,True,
131,2023,2,CHI,Marcedes Lewis,TE,0.15,0.305,False,True,False,report only,True,8.0,4.0,0.27,0.5,False,
132,2023,2,CLE,Nick Chubb,RB,0.21,0.545,True,False,False,pbp only,True,17.0,2.0,0.7,0.65,True,
133,2023,2,IND,Anthony Richardson,QB,0.32,0.96,False,True,False,report only,True,17.0,2.0,0.7,1.0,True,
134,2023,2,PHI,Quez Watkins,WR,0.14,0.58,False,True,False,report only,True,11.0,1.0,0.8,0.55,True,
135,2023,3,CAR,Jonathan Mingo,WR,0.33,0.94,False,True,False,report only,True,25.0,2.0,0.63,0.86,True,
136,2023,3,LA,Ben Skowronek,WR,0.22,0.495,False,True,False,report only,True,12.0,4.0,0.23,0.1,False,
137,2023,3,NYG,Wan'Dale Robinson,WR,0.22,0.69,False,True,False,report only,True,10.0,4.0,0.0,0.08,False,
138,2023,4,BAL,Justice Hill,RB,0.12,0.3399999999999999,False,True,False,report only,True,6.0,2.0,0.64,0.1,True,
139,2023,4,CLE,Cedric Tillman,WR,0.2,0.73,False,True,False,report only,True,14.0,4.0,0.0,0.11,False,
140,2023,4,DEN,Javonte Williams,RB,0.17,0.48,False,True,False,report only,True,8.0,2.0,0.72,0.55,True,
141,2023,4,GB,Luke Musgrave,TE,0.25,0.73,False,True,False,report only,True,14.0,2.0,0.67,1.0,True,
142,2023,4,JAX,Parker Washington,WR,0.02,0.515,True,True,False,pbp+report,True,1.0,1.0,0.97,0.05,True,
144,2023,4,NYG,Daniel Bellinger,TE,0.08,0.63,False,True,False,report only,True,6.0,1.0,0.85,0.35,True,
145,2023,4,NYJ,Xavier Gipson,WR,0.19,0.6,False,True,False,report only,True,11.0,4.0,0.0,0.25,False,
146,2023,4,PHI,Jack Stoll,TE,0.08,0.4,False,True,False,report only,True,6.0,3.0,0.35,0.08,False,
147,2023,4,SEA,Drew Lock,QB,0.31,1.0,False,True,False,report only,True,17.0,4.0,0.0,0.0,False,
148,2023,4,TB,Mike Evans,WR,0.37,0.84,False,True,False,report only,True,25.0,2.0,0.54,0.8,True,
149,2023,5,CAR,Ian Thomas,TE,0.21,0.48,False,True,False,report only,True,16.0,4.0,0.03,0.27,False,
150,2023,5,CHI,Roschon Johnson,RB,0.09,0.42,False,True,False,report only,True,6.0,2.0,0.66,0.2,True,
151,2023,5,HOU,Tank Dell,WR,0.36,0.77,False,True,False,report only,True,20.0,2.0,0.52,0.54,True,
152,2023,5,IND,Anthony Richardson,QB,0.33,0.96,True,False,False,pbp only,True,21.0,2.0,0.65,1.0,True,
153,2023,5,IND,Mo Alie-Cox,TE,0.18,0.47,True,True,False,pbp+report,True,12.0,3.0,0.43,0.27,True,
154,2023,5,LA,Ben Skowronek,WR,0.11,0.495,False,True,False,report only,True,6.0,3.0,0.35,0.14,False,
155,2023,5,LV,Tre Tucker,WR,0.11,0.31,False,True,False,report only,True,7.0,3.0,0.21,0.27,False,
157,2023,6,ARI,Greg Dortch,WR,0.21,0.5900000000000001,False,True,False,report only,True,15.0,4.0,0.01,0.0,False,
158,2023,6,ATL,Cordarrelle Patterson,RB,0.12,0.31,False,True,False,report only,True,10.0,4.0,0.13,0.08,False,
159,2023,6,DEN,Greg Dulcich,TE,0.21,0.72,False,True,False,report only,True,11.0,3.0,0.28,0.06,False,
160,2023,6,LA,Ben Skowronek,WR,0.05,0.495,False,True,False,report only,True,3.0,4.0,0.0,0.0,False,
161,2023,6,NYJ,Michael Carter,RB,0.2,0.405,True,False,False,pbp only,True,11.0,4.0,0.12,0.1,False,
162,2023,6,SEA,Zach Charbonnet,RB,0.24,0.52,False,True,False,report only,True,17.0,4.0,0.04,0.21,False,
164,2023,7,ARI,Greg Dortch,WR,0.06,0.5900000000000001,False,True,False,report only,True,5.0,4.0,0.1,0.07,False,
165,2023,7,BAL,Keaton Mitchell,RB,0.03,0.345,False,True,False,report only,True,2.0,2.0,0.56,0.05,True,
166,2023,7,CLE,Deshaun Watson,QB,0.16,0.98,True,True,False,pbp+report,True,12.0,1.0,0.83,0.8,True,
167,2023,7,LA,Ben Skowronek,WR,0.19,0.495,False,True,False,report only,True,13.0,3.0,0.21,0.15,False,
168,2023,7,NE,Tyquan Thornton,WR,0.05,0.57,False,True,False,report only,True,3.0,4.0,0.23,0.13,False,
169,2023,8,ATL,Desmond Ridder,QB,0.46,1.0,False,True,False,report only,True,29.0,2.0,0.55,1.0,True,
170,2023,8,LA,Ben Skowronek,WR,0.08,0.495,False,True,False,report only,True,5.0,4.0,0.2,0.0,False,
171,2023,8,LV,Austin Hooper,TE,0.22,0.48,False,True,False,report only,True,10.0,4.0,0.04,0.11,False,
172,2023,8,NYG,Darren Waller,TE,0.23,0.82,False,True,False,report only,True,17.0,2.0,0.74,0.93,True,
173,2023,8,NYJ,Xavier Gipson,WR,0.25,0.6,True,True,False,pbp+report,True,16.0,3.0,0.36,0.38,False,
174,2023,8,PIT,Kenny Pickett,QB,0.42,1.0,True,True,False,pbp+report,True,27.0,2.0,0.57,1.0,True,
175,2023,8,WAS,Curtis Samuel,WR,0.19,0.655,False,True,False,report only,True,13.0,2.0,0.52,0.25,True,
176,2023,9,ATL,Cordarrelle Patterson,RB,0.13,0.31,False,True,False,report only,True,7.0,4.0,0.15,0.18,False,
177,2023,9,BAL,Devin Duvernay,WR,0.21,0.575,False,True,False,report only,True,14.0,4.0,0.0,0.0,False,
178,2023,9,IND,Josh Downs,WR,0.2,0.72,False,True,False,report only,True,11.0,2.0,0.67,0.6,True,
179,2023,9,MIN,K.J. Osborn,WR,0.27,0.795,True,True,False,pbp+report,True,19.0,2.0,0.73,0.91,True,
180,2023,9,NYG,Daniel Jones,QB,0.33,1.0,True,False,False,pbp only,True,21.0,2.0,0.67,1.0,True,
181,2023,10,BAL,Devin Duvernay,WR,0.07,0.575,False,True,False,report only,True,4.0,4.0,0.02,0.07,False,
182,2023,10,NYJ,Michael Carter,RB,0.14,0.405,False,True,False,report only,True,8.0,2.0,0.49,0.19,True,
183,2023,11,BAL,Mark Andrews,TE,0.11,0.85,True,True,False,pbp+report,True,7.0,1.0,0.88,0.47,True,
184,2023,11,BUF,Trent Sherfield,WR,0.13,0.3399999999999999,False,True,False,report only,True,7.0,4.0,0.0,0.15,False,
185,2023,11,CHI,D'Onta Foreman,RB,0.24,0.495,True,True,False,pbp+report,True,17.0,3.0,0.47,0.58,True,
186,2023,11,CIN,Joe Burrow,QB,0.44,1.0,False,True,False,report only,True,27.0,2.0,0.54,1.0,True,
187,2023,11,GB,Aaron Jones,RB,0.21,0.56,True,True,False,pbp+report,True,15.0,2.0,0.56,0.33,True,
188,2023,11,KC,Mecole Hardman,WR,0.2,0.46,False,True,False,report only,True,14.0,4.0,0.01,0.29,False,
189,2023,11,LA,Cooper Kupp,WR,0.27,0.98,False,True,False,report only,True,14.0,2.0,0.76,1.0,True,
190,2023,11,LA,Ben Skowronek,WR,0.13,0.495,False,True,False,report only,True,8.0,4.0,0.0,0.0,False,
191,2023,11,MIA,De'Von Achane,RB,0.04,0.48,False,True,False,report only,True,3.0,1.0,0.94,0.25,True,
193,2023,11,WAS,Curtis Samuel,WR,0.16,0.655,False,True,False,report only,True,13.0,2.0,0.58,0.33,True,
194,2023,12,CHI,Tyler Scott,WR,0.17,0.38,False,True,False,report only,True,11.0,4.0,0.0,0.21,False,
195,2023,12,LA,Ben Skowronek,WR,0.21,0.495,False,True,False,report only,True,14.0,4.0,0.0,0.06,False,
196,2023,12,NE,Kayshon Boutte,WR,0.16,0.355,False,True,False,report only,True,11.0,2.0,0.49,0.19,True,
197,2023,12,NO,Rashid Shaheed,WR,0.26,0.5549999999999999,True,True,False,pbp+report,True,19.0,2.0,0.53,0.64,True,
198,2023,13,CLE,Amari Cooper,WR,0.32,0.83,False,True,False,report only,True,23.0,2.0,0.65,0.94,True,
199,2023,13,HOU,Tank Dell,WR,0.13,0.77,True,False,False,pbp only,True,9.0,1.0,0.73,0.45,True,
200,2023,13,JAX,Christian Kirk,WR,0.01,0.855,True,True,False,pbp+report,True,1.0,1.0,0.99,0.1,True,
201,2023,13,NE,Rhamondre Stevenson,RB,0.27,0.65,True,True,False,pbp+report,True,16.0,1.0,0.74,0.84,True,
202,2023,13,NYJ,C.J. Uzomah,TE,0.03,0.46,True,False,False,pbp only,True,2.0,1.0,0.97,0.12,True,
203,2023,13,PIT,Kenny Pickett,QB,0.49,1.0,True,True,False,pbp+report,True,28.0,2.0,0.51,1.0,True,
204,2023,13,WAS,Brian Robinson,RB,0.22,0.475,False,True,False,report only,True,12.0,2.0,0.55,0.41,True,
205,2023,14,CAR,Ian Thomas,TE,0.04,0.48,False,True,False,report only,True,4.0,2.0,0.67,0.18,True,
206,2023,14,HOU,Nico Collins,WR,0.05,0.74,False,True,False,report only,True,3.0,1.0,0.94,0.27,True,
207,2023,14,LA,Tutu Atwell,WR,0.12,0.6799999999999999,True,True,False,pbp+report,True,9.0,2.0,0.59,0.47,True,
208,2023,14,LA,Ben Skowronek,WR,0.08,0.495,True,True,False,pbp+report,True,4.0,4.0,0.16,0.06,False,
209,2023,14,LAC,Justin Herbert,QB,0.46,1.0,True,True,False,pbp+report,True,31.0,2.0,0.54,1.0,True,
210,2023,14,MIN,Justin Jefferson,WR,0.18,0.965,False,True,False,report only,True,13.0,2.0,0.8,0.86,True,
211,2023,15,ARI,Marquise Brown,WR,0.32,0.93,False,True,False,report only,True,23.0,2.0,0.55,0.53,True,
212,2023,15,DET,Brock Wright,TE,0.18,0.44,False,True,False,report only,True,12.0,2.0,0.55,0.47,True,
213,2023,15,IND,Michael Pittman,WR,0.31,0.97,True,True,False,pbp+report,True,20.0,2.0,0.69,1.0,True,
214,2023,15,NYJ,Zach Wilson,QB,0.38,1.0,True,True,False,pbp+report,True,21.0,2.0,0.6,0.91,True,
215,2023,16,CHI,Cole Kmet,TE,0.43,0.9,True,True,False,pbp+report,True,29.0,2.0,0.51,0.94,True,
216,2023,16,DEN,Courtland Sutton,WR,0.13,0.88,False,True,False,report only,True,9.0,1.0,0.82,0.75,True,
217,2023,16,GB,AJ Dillon,RB,0.18,0.52,False,True,False,report only,True,12.0,4.0,0.19,0.19,False,
218,2023,16,HOU,Andrew Beck,RB,0.17,0.345,False,True,False,report only,True,10.0,4.0,0.15,0.36,False,
219,2023,16,MIN,Jordan Addison,WR,0.38,0.915,False,True,False,report only,True,19.0,2.0,0.62,1.0,True,
220,2023,16,MIN,Alexander Mattison,RB,0.09,0.385,False,True,False,report only,True,4.0,4.0,0.3,0.0,False,
221,2023,16,NE,Kayshon Boutte,WR,0.09,0.355,False,True,False,report only,True,5.0,4.0,0.22,0.06,False,
222,2023,16,NE,Tyquan Thornton,WR,0.09,0.57,False,True,False,report only,True,5.0,3.0,0.27,0.19,False,
223,2023,16,NYJ,Allen Lazard,WR,0.27,0.86,False,True,False,report only,True,23.0,4.0,0.08,0.26,False,
224,2023,17,ATL,Cordarrelle Patterson,RB,0.14,0.31,False,True,False,report only,True,8.0,4.0,0.34,0.14,False,
225,2023,17,CHI,Cole Kmet,TE,0.18,0.9,False,True,False,report only,True,13.0,4.0,0.04,0.23,False,
226,2023,17,GB,AJ Dillon,RB,0.16,0.52,False,True,False,report only,True,11.0,3.0,0.31,0.26,False,
227,2023,17,HOU,Noah Brown,WR,0.11,0.72,False,True,False,report only,True,7.0,1.0,0.75,0.41,True,
228,2023,17,NE,DeVante Parker,WR,0.28,0.82,False,True,False,report only,True,15.0,2.0,0.69,1.0,True,
229,2023,17,NO,Alvin Kamara,RB,0.33,0.7,False,True,False,report only,True,23.0,2.0,0.46,0.59,True,
230,2023,17,TEN,Will Levis,QB,0.24,1.0,True,True,False,pbp+report,True,13.0,2.0,0.75,1.0,True,
231,2023,18,DET,Sam LaPorta,TE,0.4,0.84,True,False,False,pbp only,True,23.0,2.0,0.59,1.0,True,
232,2023,18,PHI,A.J. Brown,WR,0.18,0.89,True,False,False,pbp only,True,12.0,1.0,0.82,0.8,True,
233,2024,1,CLE,David Njoku,TE,0.37,0.825,True,True,False,pbp+report,True,25.0,3.0,0.57,0.91,True,
234,2024,1,LA,Puka Nacua,WR,0.32,0.81,True,False,False,pbp only,True,24.0,2.0,0.59,0.8,True,
235,2024,1,NYJ,Mike Williams,WR,0.18,0.58,False,True,False,report only,True,9.0,3.0,0.4,0.25,True,
236,2024,2,NO,Cedrick Wilson Jr.,WR,0.2,0.445,False,True,False,report only,True,11.0,4.0,0.06,0.25,False,
237,2024,3,CAR,Adam Thielen,WR,0.31,0.885,True,False,False,pbp only,True,23.0,2.0,0.46,0.5,True,
238,2024,3,HOU,Robert Woods,WR,0.19,0.59,False,True,False,report only,True,13.0,4.0,0.02,0.25,False,
239,2024,3,LV,Aidan O'Connell,QB,0.2,1.0,False,True,False,report only,True,13.0,4.0,0.0,0.0,False,
240,2024,3,PIT,Van Jefferson,WR,0.16,0.715,False,True,False,report only,True,11.0,4.0,0.0,0.64,False,
241,2024,3,TB,Trey Palmer,WR,0.21,0.53,False,True,False,report only,True,12.0,4.0,0.0,0.09,False,
242,2024,3,WAS,Austin Ekeler,RB,0.22,0.53,False,True,False,report only,True,13.0,3.0,0.47,0.5,True,
243,2024,4,CAR,Jalen Coker,WR,0.1,0.7549999999999999,False,True,False,report only,True,6.0,4.0,0.0,0.11,False,
244,2024,4,GB,Christian Watson,WR,0.12,0.73,True,True,False,pbp+report,True,9.0,1.0,0.84,0.75,True,
245,2024,4,IND,Anthony Richardson,QB,0.2,1.0,True,True,False,pbp+report,True,13.0,1.0,0.76,0.68,True,
246,2024,4,KC,Rashee Rice,WR,0.06,0.67,True,False,False,pbp only,True,4.0,1.0,0.91,0.5,True,
247,2024,4,NO,Taysom Hill,QB,0.2,0.42,False,True,False,report only,True,15.0,2.0,0.63,0.65,True,
248,2024,4,NO,Cedrick Wilson Jr.,WR,0.19,0.445,False,True,False,report only,True,12.0,4.0,0.19,0.24,False,
249,2024,4,TB,Trey Palmer,WR,0.14,0.53,False,True,False,report only,True,11.0,1.0,0.79,0.52,True,
250,2024,4,TEN,Will Levis,QB,0.17,1.0,True,True,False,pbp+report,True,10.0,1.0,0.84,0.59,True,
251,2024,4,TEN,DeAndre Hopkins,WR,0.32,0.7,False,True,False,report only,True,18.0,4.0,0.11,0.35,False,
252,2024,5,CAR,Xavier Legette,WR,0.37,0.77,False,True,False,report only,True,21.0,2.0,0.64,1.0,True,
253,2024,5,CAR,Tommy Tremble,TE,0.28,0.64,True,True,False,pbp+report,True,16.0,2.0,0.67,0.85,True,
254,2024,5,HOU,Robert Woods,WR,0.24,0.59,False,True,False,report only,True,16.0,4.0,0.13,0.1,False,
255,2024,5,MIA,De'Von Achane,RB,0.14,0.6,True,True,False,pbp+report,True,11.0,1.0,0.82,0.55,True,
256,2024,5,MIN,Aaron Jones,RB,0.22,0.615,False,True,False,report only,True,16.0,1.0,0.7,0.84,True,
257,2024,5,NE,Kendrick Bourne,WR,0.27,0.62,False,True,False,report only,True,15.0,4.0,0.04,0.29,False,
258,2024,5,SEA,Pharaoh Brown,TE,0.14,0.305,False,True,False,report only,True,8.0,4.0,0.47,0.2,False,
259,2024,6,ARI,Marvin Harrison Jr.,WR,0.14,0.84,True,True,False,pbp+report,True,8.0,2.0,0.78,0.75,True,
260,2024,6,CAR,David Moore,WR,0.09,0.575,False,True,False,report only,True,6.0,4.0,0.11,0.19,False,
261,2024,6,CLE,Jerome Ford,RB,0.07,0.535,False,True,False,report only,True,4.0,1.0,0.91,0.33,True,
262,2024,6,GB,Dontayvion Wicks,WR,0.14,0.5,False,True,False,report only,True,10.0,1.0,0.76,0.5,True,
263,2024,6,JAX,Travis Etienne,RB,0.18,0.69,False,True,False,report only,True,11.0,3.0,0.58,0.5,True,
264,2024,6,LAC,Hayden Hurst,TE,0.09,0.35,False,True,False,report only,True,6.0,1.0,0.81,0.35,True,
265,2024,6,NO,Chris Olave,WR,0.03,0.78,False,True,False,report only,True,2.0,1.0,0.95,0.14,True,
266,2024,6,PHI,Dallas Goedert,TE,0.05,0.84,True,True,False,pbp+report,True,3.0,1.0,0.95,0.16,True,
267,2024,6,TEN,Tyjae Spears,RB,0.21,0.52,False,True,False,report only,True,11.0,2.0,0.53,0.46,True,
268,2024,6,TEN,Treylon Burks,WR,0.16,0.65,False,True,False,report only,True,9.0,4.0,0.2,0.31,False,
269,2024,7,ATL,Charlie Woerner,TE,0.15,0.47,False,True,False,report only,True,11.0,4.0,0.19,0.1,False,
270,2024,7,BUF,Curtis Samuel,WR,0.04,0.37,False,True,False,report only,True,2.0,1.0,0.91,0.22,True,
271,2024,7,CLE,Deshaun Watson,QB,0.39,0.975,True,False,False,pbp only,True,31.0,2.0,0.6,1.0,True,
272,2024,7,KC,JuJu Smith-Schuster,WR,0.1,0.51,False,True,False,report only,True,7.0,1.0,0.82,0.39,True,
273,2024,7,MIA,Braxton Berrios,WR,0.07,0.43,True,False,False,pbp only,True,5.0,2.0,0.54,0.0,True,
274,2024,7,NYG,Jalin Hyatt,WR,0.05,0.35,True,True,False,pbp+report,True,3.0,4.0,0.04,0.0,False,
275,2024,7,SF,Brandon Aiyuk,WR,0.4,0.865,True,False,False,pbp only,True,22.0,2.0,0.61,1.0,True,
276,2024,7,SF,Deebo Samuel Sr.,WR,0.06,0.81,False,True,False,report only,True,3.0,1.0,0.82,0.3,True,
277,2024,7,TB,Mike Evans,WR,0.28,0.81,True,True,False,pbp+report,True,21.0,2.0,0.67,0.83,True,
278,2024,7,WAS,Jayden Daniels,QB,0.14,1.0,False,True,False,report only,True,10.0,1.0,0.84,0.77,True,
279,2024,8,JAX,Gabe Davis,WR,0.16,0.78,False,True,False,report only,True,9.0,2.0,0.8,0.83,True,
280,2024,8,NE,Tyquan Thornton,WR,0.18,0.375,False,True,False,report only,True,11.0,4.0,0.12,0.2,False,
281,2024,8,NE,Drake Maye,QB,0.3,1.0,False,True,False,report only,True,18.0,2.0,0.72,1.0,True,
282,2024,9,ATL,Drake London,WR,0.19,0.86,False,True,False,report only,True,11.0,1.0,0.8,0.69,True,
283,2024,9,CIN,Erick All,TE,0.2,0.47,True,True,False,pbp+report,True,15.0,2.0,0.72,0.85,True,
284,2024,9,JAX,Travis Etienne,RB,0.31,0.69,False,True,False,report only,True,17.0,3.0,0.4,0.89,True,
285,2024,9,LAC,Hayden Hurst,TE,0.14,0.35,False,True,False,report only,True,8.0,4.0,0.06,0.06,False,
286,2024,9,NO,Chris Olave,WR,0.1,0.78,True,True,False,pbp+report,True,7.0,1.0,0.85,0.33,True,
287,2024,9,TEN,Tyler Boyd,WR,0.29,0.61,False,True,False,report only,True,21.0,5.0,0.08,0.19,False,
288,2024,10,BUF,Dalton Kincaid,TE,0.24,0.605,False,True,False,report only,True,17.0,3.0,0.38,0.7,False,
289,2024,10,CAR,Miles Sanders,RB,0.1,0.36,True,True,False,pbp+report,True,6.0,2.0,0.64,0.25,True,
290,2024,10,LAC,Hayden Hurst,TE,0.15,0.345,False,True,False,report only,True,8.0,4.0,0.18,0.19,False,
291,2024,10,MIA,Raheem Mostert,RB,0.15,0.46,False,True,False,report only,True,8.0,4.0,0.08,0.19,False,
292,2024,11,CLE,Geoff Swaim,TE,0.14,0.32,False,True,False,report only,True,10.0,4.0,0.0,0.36,False,
293,2024,11,DAL,Jake Ferguson,TE,0.08,0.72,False,True,False,report only,True,7.0,1.0,0.86,0.54,True,
294,2024,11,MIA,Raheem Mostert,RB,0.15,0.46,False,True,False,report only,True,9.0,4.0,0.05,0.21,False,
295,2024,12,CAR,Ja'Tavion Sanders,TE,0.19,0.55,True,True,False,pbp+report,True,12.0,2.0,0.64,0.45,True,
296,2024,12,HOU,Teagan Quitoriano,TE,0.11,0.3,False,True,False,report only,True,6.0,3.0,0.41,0.0,True,
297,2024,12,HOU,Xavier Hutchinson,WR,0.14,0.41,False,True,False,report only,True,8.0,4.0,0.11,0.18,False,
298,2024,12,LAC,J.K. Dobbins,RB,0.3,0.67,False,True,False,report only,True,19.0,2.0,0.55,0.72,True,
299,2024,12,MIA,Alec Ingold,RB,0.13,0.34,False,True,False,report only,True,9.0,3.0,0.25,0.33,False,
300,2024,12,TB,Trey Palmer,WR,0.26,0.53,False,True,False,report only,True,17.0,4.0,0.11,0.16,False,
301,2024,12,WAS,Brian Robinson,RB,0.17,0.525,True,True,False,pbp+report,True,12.0,2.0,0.66,0.43,True,
302,2024,13,CHI,Roschon Johnson,RB,0.03,0.37,False,True,False,report only,True,2.0,2.0,0.9,0.33,True,
303,2024,13,JAX,Trevor Lawrence,QB,0.27,1.0,True,False,False,pbp only,True,19.0,2.0,0.72,1.0,True,
304,2024,13,SF,Christian McCaffrey,RB,0.25,0.85,True,False,False,pbp only,True,12.0,2.0,0.7,0.88,True,
305,2024,13,TB,Trey Palmer,WR,0.19,0.53,False,True,False,report only,True,14.0,5.0,0.0,0.17,False,
306,2024,14,NYG,Tommy DeVito,QB,0.01,0.94,False,True,False,report only,True,1.0,4.0,0.35,0.0,False,
307,2024,14,TB,Bucky Irving,RB,0.16,0.435,False,True,False,report only,True,10.0,2.0,0.63,0.4,True,
308,2024,14,TB,Trey Palmer,WR,0.11,0.53,False,True,False,report only,True,6.0,3.0,0.32,0.05,False,
309,2024,15,PIT,Justin Fields,QB,0.02,1.0,False,True,False,report only,True,1.0,2.0,0.59,0.0,True,
310,2024,15,TB,Trey Palmer,WR,0.24,0.53,False,True,False,report only,True,15.0,4.0,0.06,0.19,False,
311,2024,15,TEN,Will Levis,QB,0.47,1.0,False,True,False,report only,True,31.0,3.0,0.52,1.0,True,
312,2024,15,WAS,Zach Ertz,TE,0.23,0.6950000000000001,True,True,False,pbp+report,True,17.0,2.0,0.61,0.53,True,
313,2024,15,WAS,Luke McCaffrey,WR,0.15,0.355,False,True,False,report only,True,11.0,4.0,0.08,0.13,False,
314,2024,16,BAL,Justice Hill,RB,0.11,0.415,True,True,False,pbp+report,True,7.0,2.0,0.63,0.23,True,
315,2024,16,DAL,Jalen Tolbert,WR,0.28,0.62,False,True,False,report only,True,17.0,2.0,0.34,0.5,False,
316,2024,16,GB,Luke Musgrave,TE,0.12,0.64,False,True,False,report only,True,8.0,4.0,0.22,0.15,False,
317,2024,16,LA,Tutu Atwell,WR,0.21,0.5,False,True,False,report only,True,10.0,4.0,0.06,0.25,False,
318,2024,16,LAC,Hayden Hurst,TE,0.12,0.35,False,True,False,report only,True,8.0,4.0,0.17,0.27,False,
319,2024,16,NE,Ja'Lynn Polk,WR,0.04,0.4549999999999999,False,True,False,report only,True,3.0,4.0,0.26,0.05,False,
320,2024,16,PHI,Jalen Hurts,QB,0.16,1.0,True,True,False,pbp+report,True,12.0,1.0,0.83,0.6,True,
321,2024,16,SEA,Zach Charbonnet,RB,0.22,0.45,False,True,False,report only,True,14.0,4.0,0.0,0.14,False,
322,2024,17,CLE,Jerome Ford,RB,0.19,0.535,True,True,False,pbp+report,True,13.0,3.0,0.55,0.69,True,
323,2024,17,LA,Tutu Atwell,WR,0.16,0.5,False,True,False,report only,True,8.0,4.0,0.25,0.21,False,
324,2024,18,BAL,Zay Flowers,WR,0.2,0.835,True,False,False,pbp only,True,14.0,2.0,0.74,0.75,True,
325,2024,18,GB,Christian Watson,WR,0.15,0.73,True,False,False,pbp only,True,10.0,2.0,0.68,0.47,True,
326,2025,1,JAX,Hunter Long,TE,0.09,0.4599999999999999,False,True,False,report only,True,4.0,4.0,0.02,0.08,False,
327,2025,1,KC,Xavier Worthy,WR,0.05,0.73,True,True,False,pbp+report,True,3.0,1.0,0.95,0.25,True,
328,2025,1,NYG,Cam Skattebo,RB,0.12,0.6,False,True,False,report only,True,7.0,3.0,0.29,0.2,False,
329,2025,2,CAR,Rico Dowdle,RB,0.29,0.585,False,True,False,report only,True,22.0,3.0,0.45,0.44,True,
330,2025,2,CIN,Joe Burrow,QB,0.3,1.0,True,False,False,pbp only,True,19.0,2.0,0.71,1.0,True,
331,2025,2,GB,Jayden Reed,WR,0.07,0.59,True,True,False,pbp+report,True,4.0,1.0,0.89,0.21,True,
332,2025,2,JAX,Hunter Long,TE,0.01,0.4599999999999999,False,True,False,report only,True,1.0,4.0,0.21,0.0,False,
333,2025,2,SF,Kyle Juszczyk,RB,0.14,0.49,False,True,False,report only,True,10.0,1.0,0.73,0.53,True,
334,2025,2,WAS,John Bates,TE,0.13,0.51,False,True,False,report only,True,9.0,2.0,0.72,0.5,True,
335,2025,3,ARI,James Conner,RB,0.3,0.635,True,True,False,pbp+report,True,19.0,3.0,0.42,0.6,True,
336,2025,3,CHI,Colston Loveland,TE,0.1,0.65,False,True,False,report only,True,6.0,2.0,0.82,0.56,True,
337,2025,3,DAL,CeeDee Lamb,WR,0.09,0.83,True,True,False,pbp+report,True,6.0,2.0,0.71,0.26,True,
338,2025,3,LV,Michael Mayer,TE,0.08,0.63,True,True,False,pbp+report,True,5.0,1.0,0.86,0.5,True,
339,2025,3,NYG,Jaxson Dart,QB,0.05,1.0,False,True,False,report only,True,3.0,4.0,0.3,0.0,False,
340,2025,3,NYG,Tyrone Tracy Jr.,RB,0.17,0.63,True,True,False,pbp+report,True,11.0,1.0,0.77,0.73,True,
341,2025,3,PHI,Grant Calcaterra,TE,0.19,0.49,False,True,False,report only,True,11.0,3.0,0.37,0.47,False,
342,2025,4,ATL,Darnell Mooney,WR,0.45,0.92,False,True,False,report only,True,28.0,2.0,0.49,0.91,True,
343,2025,4,CAR,David Moore,WR,0.01,0.485,True,False,False,pbp only,True,1.0,1.0,0.98,0.05,True,
344,2025,4,LA,Colby Parkinson,TE,0.28,0.57,False,True,False,report only,True,19.0,4.0,0.0,0.25,False,
345,2025,4,MIA,Tyreek Hill,WR,0.41,0.8200000000000001,True,False,False,pbp only,True,23.0,3.0,0.46,0.93,True,
346,2025,4,NYG,Malik Nabers,WR,0.33,0.93,True,False,False,pbp only,True,23.0,2.0,0.67,1.0,True,
347,2025,4,NYG,Russell Wilson,QB,0.03,0.95,False,True,False,report only,True,2.0,3.0,0.41,0.0,True,
348,2025,5,ARI,Bam Knight,RB,0.16,0.46,False,True,False,report only,True,10.0,3.0,0.23,0.0,False,
349,2025,5,DET,Kalif Raymond,WR,0.03,0.3349999999999999,True,True,False,pbp+report,True,2.0,1.0,0.85,0.1,True,
350,2025,5,NYJ,Allen Lazard,WR,0.33,0.78,False,True,False,report only,True,22.0,4.0,0.0,0.18,False,
351,2025,5,PHI,Grant Calcaterra,TE,0.11,0.49,False,True,False,report only,True,7.0,1.0,0.8,0.5,True,
352,2025,5,TEN,Van Jefferson,WR,0.18,0.73,False,True,False,report only,True,12.0,4.0,0.2,0.25,False,
353,2025,5,TEN,Tyler Lockett,WR,0.25,0.51,False,True,False,report only,True,16.0,4.0,0.0,0.08,False,
354,2025,6,ARI,Marvin Harrison Jr.,WR,0.23,0.825,False,True,False,report only,True,17.0,2.0,0.69,0.67,True,
355,2025,6,BUF,Josh Palmer,WR,0.11,0.5,True,True,False,pbp+report,True,6.0,2.0,0.76,0.4,True,
356,2025,6,CHI,Roschon Johnson,RB,0.05,0.32,False,True,False,report only,True,3.0,3.0,0.24,0.0,False,
357,2025,6,CIN,Mike Gesicki,TE,0.03,0.43,False,True,False,report only,True,2.0,2.0,0.93,0.33,True,
358,2025,6,DET,Kalif Raymond,WR,0.04,0.3349999999999999,False,True,False,report only,True,2.0,3.0,0.19,0.0,False,
359,2025,6,TEN,Calvin Ridley,WR,0.1,0.83,False,True,False,report only,True,6.0,1.0,0.86,0.67,True,
360,2025,6,WAS,Chris Rodriguez Jr.,RB,0.02,0.32,False,True,False,report only,True,1.0,2.0,0.81,0.0,True,
361,2025,7,CAR,Andy Dalton,QB,0.31,0.93,False,True,False,report only,True,20.0,4.0,0.0,0.0,False,
362,2025,7,CHI,Cole Kmet,TE,0.41,0.855,False,True,False,report only,True,27.0,3.0,0.32,0.67,False,
363,2025,7,CHI,Roschon Johnson,RB,0.01,0.32,False,True,False,report only,True,1.0,2.0,0.65,0.0,True,
364,2025,7,KC,Kareem Hunt,RB,0.19,0.48,True,True,False,pbp+report,True,13.0,3.0,0.18,0.2,False,
365,2025,7,LAC,Will Dissly,TE,0.04,0.5,False,True,False,report only,True,3.0,3.0,0.45,0.12,True,
366,2025,7,NO,Devin Neal,RB,0.12,0.425,False,True,False,report only,True,6.0,4.0,0.0,0.09,False,
367,2025,7,NYJ,Justin Fields,QB,0.46,1.0,True,False,False,pbp only,True,28.0,2.0,0.48,1.0,True,
368,2025,7,TB,Mike Evans,WR,0.2,0.75,True,False,False,pbp only,True,13.0,2.0,0.73,1.0,True,
369,2025,8,CHI,Luther Burden III,WR,0.17,0.415,False,True,False,report only,True,11.0,3.0,0.48,0.36,True,
370,2025,8,LAC,Keenan Allen,WR,0.25,0.57,False,True,False,report only,True,18.0,4.0,0.09,0.28,False,
371,2025,8,MIN,Josh Oliver,TE,0.08,0.5,False,True,False,report only,True,4.0,1.0,0.85,0.44,True,
372,2025,8,NO,Taysom Hill,QB,0.07,0.33,False,True,False,report only,True,5.0,3.0,0.51,0.07,True,
373,2025,8,NYG,Cam Skattebo,RB,0.21,0.6,True,False,False,pbp only,True,10.0,2.0,0.69,1.0,True,
374,2025,9,ARI,Xavier Weaver,WR,0.04,0.5800000000000001,False,True,False,report only,True,1.0,1.0,0.75,0.06,True,
375,2025,9,BAL,Justice Hill,RB,0.2,0.405,False,True,False,report only,True,11.0,4.0,0.15,0.08,False,
376,2025,9,CHI,Cole Kmet,TE,0.26,0.855,True,True,False,pbp+report,True,19.0,2.0,0.62,0.73,True,
377,2025,9,CIN,Samaje Perine,RB,0.01,0.38,True,True,False,pbp+report,True,1.0,1.0,0.97,0.17,True,
378,2025,9,DET,Isaac TeSlaa,WR,0.05,0.375,False,True,False,report only,True,3.0,4.0,0.02,0.0,False,
379,2025,9,HOU,C.J. Stroud,QB,0.32,1.0,True,True,False,pbp+report,True,23.0,2.0,0.68,1.0,True,
380,2025,9,NE,Kayshon Boutte,WR,0.26,0.755,False,True,False,report only,True,18.0,2.0,0.54,0.64,True,
381,2025,10,ARI,Zay Jones,WR,0.14,0.39,True,False,False,pbp only,True,11.0,2.0,0.68,0.3,True,
382,2025,10,HOU,Braxton Berrios,WR,0.01,0.38,False,True,False,report only,True,1.0,4.0,0.43,0.0,False,
383,2025,10,LA,Jordan Whittington,WR,0.1,0.38,False,True,False,report only,True,5.0,3.0,0.33,0.0,False,
384,2025,10,NYJ,Garrett Wilson,WR,0.39,0.97,False,True,False,report only,True,19.0,3.0,0.47,0.83,True,
385,2025,11,CLE,Brenden Bates,TE,0.13,0.41,False,True,False,report only,True,7.0,4.0,0.28,0.18,False,
386,2025,11,GB,Josh Jacobs,RB,0.22,0.64,False,True,False,report only,True,11.0,2.0,0.65,0.53,True,
387,2025,11,HOU,Cade Stover,TE,0.2,0.44,False,True,False,report only,True,13.0,4.0,0.15,0.12,False,
388,2025,11,LA,Konata Mumpfield,WR,0.12,0.39,False,True,False,report only,True,6.0,4.0,0.06,0.1,False,
389,2025,11,TEN,Chimere Dike,WR,0.27,0.63,True,True,False,pbp+report,True,16.0,2.0,0.63,0.67,True,
390,2025,11,TEN,Calvin Ridley,WR,0.02,0.83,True,False,False,pbp only,True,1.0,1.0,0.98,0.08,True,
391,2025,11,WAS,Jaylin Lane,WR,0.15,0.405,False,True,False,report only,True,10.0,2.0,0.58,0.42,True,
392,2025,12,CLE,Jerome Ford,RB,0.16,0.42,False,True,False,report only,True,8.0,4.0,0.21,0.23,False,
393,2025,12,LV,Michael Mayer,TE,0.16,0.63,False,True,False,report only,True,13.0,2.0,0.77,0.79,True,
394,2025,12,NO,Alvin Kamara,RB,0.14,0.73,False,True,False,report only,True,11.0,1.0,0.85,0.79,True,
395,2025,12,TB,Chris Godwin Jr.,WR,0.36,0.79,False,True,False,report only,True,23.0,4.0,0.09,0.24,False,
396,2025,13,CHI,Olamide Zaccheaus,WR,0.28,0.58,False,True,False,report only,True,24.0,4.0,0.11,0.32,False,
397,2025,13,DET,Amon-Ra St. Brown,WR,0.06,0.91,True,True,False,pbp+report,True,4.0,1.0,0.93,0.5,True,
398,2025,14,CLE,David Njoku,TE,0.09,0.765,True,True,False,pbp+report,True,6.0,2.0,0.83,0.56,True,
399,2025,14,GB,Dontayvion Wicks,WR,0.11,0.485,False,True,False,report only,True,5.0,2.0,0.51,0.21,True,
400,2025,14,GB,Matthew Golden,WR,0.09,0.59,False,True,False,report only,True,5.0,3.0,0.16,0.05,False,
401,2025,14,HOU,Nick Chubb,RB,0.11,0.34,False,True,False,report only,True,6.0,2.0,0.72,0.18,True,
402,2025,14,IND,Daniel Jones,QB,0.23,1.0,True,False,False,pbp only,True,14.0,1.0,0.78,0.93,True,
403,2025,14,LA,Jordan Whittington,WR,0.17,0.38,False,True,False,report only,True,8.0,4.0,0.08,0.0,False,
404,2025,14,MIA,De'Von Achane,RB,0.34,0.72,False,True,False,report only,True,22.0,2.0,0.56,0.85,True,
405,2025,14,NYJ,Tyrod Taylor,QB,0.1,0.54,False,True,False,report only,True,6.0,1.0,0.89,0.67,True,
406,2025,14,SEA,Elijah Arroyo,TE,0.11,0.415,False,True,False,report only,True,5.0,2.0,0.71,0.29,True,
407,2025,15,DAL,Javonte Williams,RB,0.29,0.77,False,True,False,report only,True,20.0,4.0,0.13,0.5,False,
408,2025,15,GB,Josh Whyle,TE,0.03,0.42,True,True,False,pbp+report,True,2.0,1.0,0.89,0.14,True,
409,2025,15,HOU,Christian Kirk,WR,0.24,0.5,False,True,False,report only,True,15.0,4.0,0.0,0.14,False,
410,2025,15,HOU,Woody Marks,RB,0.22,0.54,True,True,False,pbp+report,True,12.0,2.0,0.72,0.64,True,
411,2025,15,IND,Andrew Ogletree,TE,0.15,0.33,False,True,False,report only,True,9.0,3.0,0.29,0.25,False,
412,2025,15,LA,Jordan Whittington,WR,0.06,0.38,False,True,False,report only,True,4.0,4.0,0.07,0.0,False,
413,2025,15,NE,DeMario Douglas,WR,0.19,0.42,False,True,False,report only,True,9.0,4.0,0.1,0.16,False,
414,2025,16,BAL,Lamar Jackson,QB,0.47,1.0,True,True,False,pbp+report,True,26.0,2.0,0.51,1.0,True,
415,2025,16,CLE,Dillon Gabriel,QB,0.02,0.95,False,True,False,report only,True,1.0,2.0,0.59,0.0,True,
416,2025,16,DEN,Nate Adkins,TE,0.11,0.37,False,True,False,report only,True,7.0,2.0,0.77,0.43,True,
417,2025,16,DET,David Montgomery,RB,0.18,0.39,False,True,False,report only,True,13.0,4.0,0.25,0.25,False,
418,2025,16,GB,Jordan Love,QB,0.36,1.0,True,True,False,pbp+report,True,24.0,2.0,0.65,1.0,True,
419,2025,16,IND,Andrew Ogletree,TE,0.08,0.33,False,True,False,report only,True,5.0,3.0,0.41,0.11,True,
420,2025,16,MIN,Jordan Mason,RB,0.07,0.4,True,True,False,pbp+report,True,4.0,1.0,0.87,0.27,True,
421,2025,16,NE,DeMario Douglas,WR,0.18,0.42,False,True,False,report only,True,12.0,2.0,0.51,0.08,True,
422,2025,16,NE,TreVeyon Henderson,RB,0.19,0.47,True,True,False,pbp+report,True,13.0,2.0,0.62,0.46,True,
423,2025,16,NO,Foster Moreau,TE,0.28,0.6,False,True,False,report only,True,22.0,3.0,0.38,0.58,False,
424,2025,16,PIT,Calvin Austin III,WR,0.16,0.525,False,True,False,report only,True,11.0,2.0,0.64,0.36,True,
425,2025,16,WAS,Jacory Croskey-Merritt,RB,0.2,0.42,False,True,False,report only,True,11.0,2.0,0.49,0.18,True,
426,2025,16,WAS,Jaylin Lane,WR,0.02,0.405,False,True,False,report only,True,1.0,1.0,0.98,0.06,True,
427,2025,17,ARI,Marvin Harrison Jr.,WR,0.33,0.825,False,True,False,report only,True,17.0,3.0,0.46,0.33,True,
428,2025,17,CAR,Ja'Tavion Sanders,TE,0.02,0.535,True,True,False,pbp+report,True,1.0,1.0,0.98,0.1,True,
429,2025,17,CLE,Harold Fannin Jr.,TE,0.23,0.8,True,True,False,pbp+report,True,12.0,1.0,0.71,0.86,True,
430,2025,17,DAL,Jake Ferguson,TE,0.29,0.685,False,True,False,report only,True,25.0,2.0,0.56,0.59,True,
431,2025,17,DAL,Javonte Williams,RB,0.27,0.77,False,True,False,report only,True,23.0,2.0,0.56,0.68,True,
432,2025,17,GB,Dontayvion Wicks,WR,0.06,0.485,False,True,False,report only,True,3.0,2.0,0.74,0.0,True,
433,2025,17,GB,Josh Jacobs,RB,0.28,0.64,False,True,False,report only,True,12.0,3.0,0.49,0.5,True,
434,2025,17,MIA,Jaylen Waddle,WR,0.25,0.82,False,True,False,report only,True,13.0,4.0,0.06,0.5,False,
435,2025,17,NE,DeMario Douglas,WR,0.14,0.42,False,True,False,report only,True,8.0,4.0,0.02,0.05,False,
436,2025,17,SEA,Rashid Shaheed,WR,0.18,0.525,True,True,False,pbp+report,True,12.0,1.0,0.75,0.71,True,
437,2025,17,TEN,Van Jefferson,WR,0.31,0.73,False,True,False,report only,True,22.0,2.0,0.64,0.94,True,
438,2025,18,TEN,Cam Ward,QB,0.09,1.0,True,False,False,pbp only,True,5.0,1.0,0.91,0.38,True,
